status	size	sha256	content_type	url	local_path
200	9305	bb7046d268355a1b660356a04b3781332031e7bd209baa1834cdd55702252d74	text/html; charset=UTF-8	https://www.cbox.ws/admin?switch	resources/admin__switch
200	16079	f8ddab21f682a952c052313a3ff7732005c110f54495e83b3a82d6ad83e9930f	text/html; charset=UTF-8	https://www.cbox.ws/admin?acct	resources/admin__acct
200	13343	358c7272d41a625011360df57e8de39e81e47fdf62cf956ceec39b570e48c1a1	text/html; charset=UTF-8	https://www.cbox.ws/admin?home	resources/admin__home
200	22610	99b399dae24a04ae5455539be7cbd9a3ec40951e03a5bc8474d068dcd6e2bbc8	text/html; charset=UTF-8	https://www.cbox.ws/admin?bans	resources/admin__bans
200	11769	3a6b37b0789f008a7cd9c559068ecf84e5bb8dd79f5ee79e0e02f75df17c5706	text/html; charset=UTF-8	https://www.cbox.ws/admin?channels	resources/admin__channels
200	12141	08b64f372c1fa66ca3da3a1cd5e04a0942ace4593823538ac86efa67ae14a627	text/html; charset=UTF-8	https://www.cbox.ws/admin?dateopt	resources/admin__dateopt
200	10872	a872dfeb12437f7c77ae3d4f3ce75de097b7dc9990c7bb624c6b18b71abfe9e2	text/html; charset=UTF-8	https://www.cbox.ws/admin?filtering	resources/admin__filtering
200	15197	32334ca78918b302be60a8b5e279336ae5a71e340f66f9820f490058323e6942	text/html; charset=UTF-8	https://www.cbox.ws/admin?layout	resources/admin__layout
200	12421	49381befabc95b48f0736576e7034bdf71be3f711bff8192f85c8768c8ee8714	text/html; charset=UTF-8	https://www.cbox.ws/admin?posts	resources/admin__posts
200	9576	d691c2faffba6e0a8fa63f49cc8d321725f1fb1227b9e7142824cdfd80e0d24c	text/html; charset=UTF-8	https://www.cbox.ws/admin?postsarc	resources/admin__postsarc
200	14083	a5ff24640c04cafa18406f485778867d9c243d628a5e2396b42a128fdf05c674	text/html; charset=UTF-8	https://www.cbox.ws/admin?settings	resources/admin__settings
200	42947	74490718287b3d779a087e35c1d3253cdab2a51c0f4f3e3ee8c51ac11921f27b	text/html; charset=UTF-8	https://www.cbox.ws/admin?smilies	resources/admin__smilies
200	35872	1e5cbeb4ce6e26f9d3787e4e5af9461563fd41aaedac8bba36e9c70a44fe185e	text/html; charset=UTF-8	https://www.cbox.ws/admin?snippet	resources/admin__snippet
200	13463	7557450a7e11eb1a771ac91e07cbb0069330e80b8116db46b3b65165fe4d12f3	text/html; charset=UTF-8	https://www.cbox.ws/admin?srch	resources/admin__srch
200	8546	cd737dded71ddb5e0f775244992f878350001805b3aceedb7e9ff591f55d5d50	text/html; charset=UTF-8	https://www.cbox.ws/admin?sticky	resources/admin__sticky
200	14211	5aaa64bbeeaa03fe8ceb62bd8c4250921fc2d49da2db15704268d26042321d35	text/html; charset=UTF-8	https://www.cbox.ws/admin?style	resources/admin__style
200	14211	5aaa64bbeeaa03fe8ceb62bd8c4250921fc2d49da2db15704268d26042321d35	text/html; charset=UTF-8	https://www.cbox.ws/admin?styleadv	resources/admin__styleadv
200	22215	6324e251e92e17b69b3b4c9e0f2f396e23d546f494405ebddd8b91948f1df031	text/html; charset=UTF-8	https://www.cbox.ws/admin?userint	resources/admin__userint
200	13857	25edbb4cadb60bcce31bb23870db2e57b89c4e86c8598c2c8256b2a94dd63ea3	text/html; charset=UTF-8	https://www.cbox.ws/admin?users	resources/admin__users
200	7598	8c5a559ae0861b394f9c748048a4373224d669d4ab8cc72ee668ef47115bb4e5	text/html; charset=UTF-8	https://www.cbox.ws/admin?downgrade	resources/admin__downgrade
200	9305	9f3ff754376772b953c79b24c5113f13387a1f8c4524f8673a62665f9f921038	text/html; charset=UTF-8	https://www.cbox.ws/admin?switch&box=4-4271419	resources/admin__switch_box_4-4271419
200	116423	218a0fbff39be743912915f671417676839e7591c15a48bcfb4b2b5c05c2d8c1	text/html; charset=UTF-8	https://www.cbox.ws/help?all=1	resources/help__all_1
200	8530	3f47a86333c278b7bdf1e3de4f05477ea2cafb4060e291cce0cfa89db53a0360	text/html; charset=UTF-8	https://www.cbox.ws/	resources/index
200	2297	aa557b08a5e59c95c828e2abaef8465e2defbebe24d645bb42ed9654c92d881d	text/html; charset=UTF-8	https://www4.cbox.ws/box/?boxid=4271419&boxtag=do3gdi&sec=main	resources/box__boxid_4271419_boxtag_do3gdi_sec_main
200	5296	973b8a250169ac3d908d19cc5533b772ccf2a1bbb7aed5d2938d1fd1e7ea902f	text/html; charset=UTF-8	https://www4.cbox.ws/box/?boxid=4271419&boxtag=do3gdi&sec=form	resources/box__boxid_4271419_boxtag_do3gdi_sec_form
200	17499	e0161561f3accab4d7c68ce6f21c07e4953f9b1d2199c81d5eeb3d8e7ac35ee7	text/css	https://www.cbox.ws/style.css?2050221	resources/style.css__2050221
200	8530	3f47a86333c278b7bdf1e3de4f05477ea2cafb4060e291cce0cfa89db53a0360	text/html; charset=UTF-8	https://www.cbox.ws/	resources/index
200	45709	42fa265bdb775418e5c644aa756cfe7802ab3bc3b0009145433db3efa69be933	image/png	https://www.cbox.ws/gfx/logo400.png	resources/gfx/logo400.png
200	19731	c734342bf9120d79cb0a1343ef74c7e2eaec255f8e05b5da89a009f3f0a16541	text/html; charset=UTF-8	https://www.cbox.ws/help	resources/help
200	10263	5e79615c98aeda5ce28b0d32c676aae0849829f9f51372c492bdaeef2d02cdba	text/html; charset=UTF-8	https://www.cbox.ws/getone	resources/getone
200	13343	7807369a369c7cdcd9343b36ee966e5d7a75258a7f6f6d6047db011bf8a87960	text/html; charset=UTF-8	https://www.cbox.ws/admin?preproc=switch&box=4-4271419	resources/admin__preproc_switch_box_4-4271419
200	14372	c04ce5774674f88c4c78377d9a5ed212c8afd95f0d04075421113e07fa5ebbac	text/html; charset=UTF-8	https://www.cbox.ws/products	resources/products
200	10935	31861c4dabe6ea88db6540e4ce540ce17cec9114186082b71dce58999b80b61c	text/html; charset=UTF-8	https://www.cbox.ws/terms	resources/terms
200	11424	cc242031028cf0b1b2b3deed0c4f260aeeb09ab54468210fb240c73374fc2084	text/html; charset=UTF-8	https://www.cbox.ws/privacy	resources/privacy
200	9316	2a5e1e06e10c041f0cb5a69abea675b8bb706b0cd6c5b110e8556a763b575518	text/html; charset=UTF-8	https://www.cbox.ws/notices	resources/notices
200	7294	682d781ddc022443d081b7277b87fb6c7315f6bd60803e64585fa5d42a386c23	text/html; charset=UTF-8	https://www.cbox.ws/contact	resources/contact
200	7714	51b7884684269aa0eda255779390984520881a3ed574c631314c3533ac6530d5	application/x-javascript	https://www.cbox.ws/code.js?20171024	resources/code.js__20171024
404	1336	11acf3adf818633e05b9031cc63ebb78dda6e28a0fc3e286b426a34fc743573b	text/html; charset=UTF-8	https://www4.cbox.ws/box/?boxid=4271419&amp;boxtag=do3gdi&amp;sec=main	resources/box__boxid_4271419_amp_boxtag_do3gdi_amp_sec_main
404	1336	11acf3adf818633e05b9031cc63ebb78dda6e28a0fc3e286b426a34fc743573b	text/html; charset=UTF-8	https://www4.cbox.ws/box/?boxid=4271419&amp;boxtag=do3gdi&amp;sec=form	resources/box__boxid_4271419_amp_boxtag_do3gdi_amp_sec_form
200	13540	a087a999d8c34ce51848ab857e2eba12fb00e381eb1cc77f22a97d0e4883ae54	text/html; charset=UTF-8	https://www.cbox.ws/upgrade	resources/upgrade
200	8875	6160ea20ea6b3eddf86400692b25082a512221dd7bb98da269465f1de0698486	text/html; charset=UTF-8	https://my.cbox.ws/msmsas55	resources/msmsas55
200	13144	fe602e86d793b5a8d1aeeee720f9be32aa3c4cc8692c91a98bc2f1d187bdae86	text/html; charset=UTF-8	https://www.cbox.ws/upgrade?p=2	resources/upgrade__p_2
200	1931	827228f0f71c2260143ecf00895cddd4d8695f50d7f391f7076acb203bd4b4f9	text/html; charset=UTF-8	https://www.cbox.ws/admin_l_bans	resources/admin_l_bans
200	1855	3ce2e5d209edb913427da6d01dedf4a48205819c119ef32f08c19410005596f8	text/html; charset=UTF-8	https://www.cbox.ws/admin_l_threads	resources/admin_l_threads
200	9787	eeaf2cbf567c9ec220d812a4607f0733c5aa6e90719dabd60d25e9c5dd987f8b	text/html; charset=UTF-8	https://www.cbox.ws/help?id=42	resources/help__id_42
200	11842	8a71df00428c73ca50a578ea338c113f87febe72896a4e610baa540132341458	text/html; charset=UTF-8	https://www.cbox.ws/help?id=67	resources/help__id_67
200	3019	6387e8c14b9ffa1fef129bd606162eb215093b9b248caa25301545a258c30ab7	text/html; charset=UTF-8	https://www.cbox.ws/admin_l_posts?tid=0	resources/admin_l_posts__tid_0
200	8659	eb3099eb4625af7a6f7d3b976f38f92c1a49d1cd5e517fafb46d1e56aa2bebbc	text/html; charset=UTF-8	https://www.cbox.ws/admin?webhook	resources/admin__webhook
200	43	0649be6efd8008e678f22e2d98d23f64b1978281097b766d129341ef5aaccd61	image/gif	https://www.cbox.ws/gfx/dot.gif	resources/gfx/dot.gif
404	8626	311e18e7f777f981459dc6cfdfcff81f06fbb4098ef0c44651fcea80bb3fad39	text/html; charset=UTF-8	https://www.cbox.ws/extmodules/mod_cbox_joomla15.zip	resources/extmodules/mod_cbox_joomla15.zip
200	943	1ba4e10504a31eb26b0354541295239e256bab7069f812c101db0fd0dbc8674b	image/gif	https://www.cbox.ws/gfx/disk.gif	resources/gfx/disk.gif
404	8626	311e18e7f777f981459dc6cfdfcff81f06fbb4098ef0c44651fcea80bb3fad39	text/html; charset=UTF-8	https://www.cbox.ws/extmodules/mod_cbox_smf2rc11.zip	resources/extmodules/mod_cbox_smf2rc11.zip
404	8626	311e18e7f777f981459dc6cfdfcff81f06fbb4098ef0c44651fcea80bb3fad39	text/html; charset=UTF-8	https://www.cbox.ws/extmodules/mod_cbox_smf11.tar.gz	resources/extmodules/mod_cbox_smf11.tar.gz
200	14211	5aaa64bbeeaa03fe8ceb62bd8c4250921fc2d49da2db15704268d26042321d35	text/html; charset=UTF-8	https://www.cbox.ws/admin?style&theme=	resources/admin__style_theme_
200	12247	8b1478f58a71079f984183377ce564c1b1a67027dc095edb2f0f5132607d770e	text/html; charset=UTF-8	https://www.cbox.ws/admin?style&css=go&theme=1431386153	resources/admin__style_css_go_theme_1431386153
200	4439	ecede8a42129e190ec851176d32b81d97aa5cb67575e3bb9d4576ae909bb334a	image/jpeg	https://www.cbox.ws/gfx/pal-sat.jpg	resources/gfx/pal-sat.jpg
200	5006	81669ce74d7f67ebe7cc045d5228505319ccc172bc3e89866de69f915af8509c	image/gif	https://www.cbox.ws/gfx/pal-desat.gif	resources/gfx/pal-desat.gif
200	17917	5b4c4fe3d7f10ae704ee4424bc0d85d9d4f46bf1e501358c3f144e11304a5cad	application/x-javascript	https://www.cbox.ws/theme_editor.js	resources/theme_editor.js
404	8626	311e18e7f777f981459dc6cfdfcff81f06fbb4098ef0c44651fcea80bb3fad39	text/html; charset=UTF-8	https://www.cbox.ws/extmodules/mod_cbox_ee16.zip	resources/extmodules/mod_cbox_ee16.zip
200	1870	e8061d694a80a89629a4a1cba9c082e50d60380f5fa04c5454e9307b43605266	text/html; charset=UTF-8	https://www.cbox.ws/admin_l_users	resources/admin_l_users
200	19407	835f12ff1cb2213b3024ccdb8f742ba25be7d54c0406b618ca79dc4f71471f35	text/html; charset=UTF-8	https://www.cbox.ws/help?hit=	resources/help__hit_
200	7304	a85aa332ebd713c10120aee7cecc612a83c5524aa20f5e498e7f4c05e7a23cc1	text/html; charset=UTF-8	https://www.cbox.ws/contact?ref=help	resources/contact__ref_help
200	6764	8fd4038057e3769c797808c021c67230f3883ba388397810049b7ec3a2b262d1	text/html; charset=UTF-8	https://www.cbox.ws/help?id=9	resources/help__id_9
200	7407	2a633347b6580c412c004642410ed6c704a4820a42168674d6f606e99faa1799	text/html; charset=UTF-8	https://www.cbox.ws/help?id=24	resources/help__id_24
200	6946	1848cb72cb40d173944a70550c9b350c809de32ca8b7a150b12b87770b90dd98	text/html; charset=UTF-8	https://www.cbox.ws/help?id=14	resources/help__id_14
200	7028	dd9a4b137864709cd9934741588902e4bf49edbbf12de80d86242f8102611bd5	text/html; charset=UTF-8	https://www.cbox.ws/help?id=16	resources/help__id_16
200	6968	0f8c4656928cbb1c2b1d1e51e45c264646a2b689ae47e336acb8f1b931e9ce7b	text/html; charset=UTF-8	https://www.cbox.ws/help?id=15	resources/help__id_15
200	6675	b4276ae02c6fc4633e28bd3704cdad3b37487532b91410345121f0b629bf1da3	text/html; charset=UTF-8	https://www.cbox.ws/help?id=35	resources/help__id_35
200	7094	9fb704873bc9baa01085f04897cfa7c67a8474350d405a05a95c4411be76564b	text/html; charset=UTF-8	https://www.cbox.ws/help?id=17	resources/help__id_17
200	7026	50e6eecb6f4584e080f7ec6dc199a4ccd11b1824a19325a7fdb6734cf96f1279	text/html; charset=UTF-8	https://www.cbox.ws/help?id=10	resources/help__id_10
200	13343	4dbaba7437b7f2aba4e335865a926f25ddd25667c488abb2968c45357fb5f6ab	text/html; charset=UTF-8	https://www.cbox.ws/admin	resources/admin
200	13200	4d997f920d25d0210d7a1b18f3426df5d907062b9eaf103cc37b131349f4e81e	text/html; charset=UTF-8	https://www.cbox.ws/help?id=94	resources/help__id_94
200	6943	30f2f40ef95be4f0aae237b21e50f61637569be204d1c918e1f4e3e1d432d2c8	text/html; charset=UTF-8	https://www.cbox.ws/help?id=28	resources/help__id_28
200	6067	e79fde0d07577439a04047cca633d335e92dba59b78c97d045b52f3395d3a1cf	text/html; charset=UTF-8	https://www.cbox.ws/forgotpword	resources/forgotpword
200	6799	164b9835aa7ccbd03c49202623023b802d08d468889d036d7fb4c539bd325721	text/html; charset=UTF-8	https://www.cbox.ws/help?id=23	resources/help__id_23
200	13343	11dd9d93228fd23f359c9b3b9672ed18eede276913570efc02f4d999e53b2c5d	text/html; charset=UTF-8	https://www.cbox.ws/admin?account	resources/admin__account
200	6878	cab11c48c2981189de0270390ec2f017f85f451e38b768cef665f18435f14908	text/html; charset=UTF-8	https://www.cbox.ws/help?id=21	resources/help__id_21
200	6819	519aa3f60e2dac82cc3620b4b5177231d6ee86e44d0bf3dd6fa6aaec29ad9105	text/html; charset=UTF-8	https://www.cbox.ws/help?id=30	resources/help__id_30
200	6619	fcda0295bef591df426af2d85cb94b323ad7187cf1a35e789a42811177e2f058	text/html; charset=UTF-8	https://www.cbox.ws/help?id=25	resources/help__id_25
200	7067	c0990cd78cd1c5e91db94002bfa91e68f50bbfaa7a88562d44a8cf4094bfae19	text/html; charset=UTF-8	https://www.cbox.ws/help?id=43	resources/help__id_43
404	8626	311e18e7f777f981459dc6cfdfcff81f06fbb4098ef0c44651fcea80bb3fad39	text/html; charset=UTF-8	https://www.cbox.ws/product	resources/product
200	6631	a15592d69cdbac792a84f944ad41a732d5bb586a8ad0b09e0bfd2fb4cac84349	text/html; charset=UTF-8	https://www.cbox.ws/help?id=38	resources/help__id_38
200	7282	37333275979a288f8b72978d45334579c301d4b282745da973729e31d2062ca7	text/html; charset=UTF-8	https://www.cbox.ws/help?id=40	resources/help__id_40
200	7482	fc16a0d010d20e05d55efce4982d3b10de8e8fa28d7e70c55095b58d8181f40a	text/html; charset=UTF-8	https://www.cbox.ws/help?id=34	resources/help__id_34
200	7128	bc3971df77af760ff28770facbd57bcd958e6d6e748bd1304f7945ca56740540	text/html; charset=UTF-8	https://www.cbox.ws/help?id=13	resources/help__id_13
200	7559	1842a8d8378d94e1da031341bfc0dc2dcdd2bb44bccac06364385d8fa0cc9f3b	text/html; charset=UTF-8	https://www.cbox.ws/help?id=45	resources/help__id_45
200	6755	ae793e6292862b8f41759f519b3ed3368c1f2d9c542b8329482bf109c7ac849a	text/html; charset=UTF-8	https://www.cbox.ws/help?id=47	resources/help__id_47
200	7064	e1b657afc2977e06c1b6339622d359a9bf9b69bb536928907159d0a4d8c84174	text/html; charset=UTF-8	https://www.cbox.ws/help?id=33	resources/help__id_33
200	6611	8aa34115acc78075591775cc801eca0fcf7b0b3cd06997b3d8e3b3a93170abce	text/html; charset=UTF-8	https://www.cbox.ws/help?id=37	resources/help__id_37
200	6977	d4105fe2c2463c096e14802e586484f9262215169ff7fa8c2a38b91ff305781e	text/html; charset=UTF-8	https://www.cbox.ws/help?id=31	resources/help__id_31
200	7308	a4136d713d39c0d23e74833f3e7b8b6f27b94c534ecbd5a805a3038d4417e5cc	text/html; charset=UTF-8	https://www.cbox.ws/help?id=46	resources/help__id_46
200	6684	de914fb62a145881d477ab352ded3fe66b6f71cee37f5d41aa2ccbd98d4cb03f	text/html; charset=UTF-8	https://www.cbox.ws/help?id=18	resources/help__id_18
200	8052	34378d48a2c99f7b95de3cf3586453ce77bbf4d2f6cbfb109cdcdb1ecb69b28b	text/html; charset=UTF-8	https://www.cbox.ws/help?id=53	resources/help__id_53
200	7029	da5fb85cb3032d0f27f6b3b77fab6bf186bf79e81f0a2e946e9d23d3537265cb	text/html; charset=UTF-8	https://www.cbox.ws/help?id=19	resources/help__id_19
200	7032	2c620ee6ed683573900743316e2887e84cb95dc72688a4dcaacea2a8b7410bd8	text/html; charset=UTF-8	https://www.cbox.ws/help?id=8	resources/help__id_8
200	6789	2662ecca269eabd77e279d6370fdb01c94ecc0c0977d8c622208beae417edfec	text/html; charset=UTF-8	https://www.cbox.ws/help?id=12	resources/help__id_12
200	6821	7c4dc1286596a8ca312030db7887bbcd5229f243f553c2bd78cd76534789d59f	text/html; charset=UTF-8	https://www.cbox.ws/help?id=26	resources/help__id_26
200	6683	5da914082ba6772f3a869b83ec607e313d566984a132c42ad6e21b65b38620fe	text/html; charset=UTF-8	https://www.cbox.ws/help?id=41	resources/help__id_41
200	6784	ba41a850fec9318a0b70ec4aa4e19ad11cf7b57904b3e51a5b687fc121011077	text/html; charset=UTF-8	https://www.cbox.ws/help?id=50	resources/help__id_50
200	13306	09123e784119245a5d4daad713303a15b3b7f665b13e5a060bb0c4d0df6c71eb	text/html; charset=UTF-8	https://www.cbox.ws/upgrade?mode=renew	resources/upgrade__mode_renew
200	7180	045ee9d90641f67e48c9066d1a5d5c50001d179c34d7d64039677d2c36994548	text/html; charset=UTF-8	https://www.cbox.ws/help?id=44	resources/help__id_44
200	6956	b8adb1f4656b5ca255e996ed1f1c13802982252cd8df33d24d1535528feeb700	text/html; charset=UTF-8	https://www.cbox.ws/help?id=59	resources/help__id_59
200	10194	cb2892d7bb9b82224388352c8344cd57a7138c1efc9935016b2763aebc5f94e6	text/html; charset=UTF-8	https://www.cbox.ws/help?id=57	resources/help__id_57
200	14769	9796df30feb49bc844f6d1f2809241efc1e9ea6285b28f6f31d98f533d50cfc4	text/html; charset=UTF-8	https://www.cbox.ws/help?srch=mod	resources/help__srch_mod
200	6901	7183384791f5c0e123256fefc1468ceac90f3793c2adaca57134960ac535e4d7	text/html; charset=UTF-8	https://www.cbox.ws/help?id=58	resources/help__id_58
200	7370	cbf7cf2cdecff90f512a514be29c21aa2d3e5e17749f79ec374da3c6e5dc1fe8	text/html; charset=UTF-8	https://www.cbox.ws/help?id=49	resources/help__id_49
200	7075	51af74c035b669b77cb2e94c078c23bae45ad1c56c3e76d4df9e3f86a2be8005	text/html; charset=UTF-8	https://www.cbox.ws/help?id=52	resources/help__id_52
200	6841	5d2078c1ea3d847041a6452cb08636fb2e6cca3c7ab201a9cae13bbfb2c92667	text/html; charset=UTF-8	https://www.cbox.ws/help?id=55	resources/help__id_55
200	6858	2cfa41369c6d968c204e17a55a91c8af34f80d3660080542d006acf66ad9a6ff	text/html; charset=UTF-8	https://www.cbox.ws/help?id=51	resources/help__id_51
200	7349	b0c0dea55a4f741417bb5df2192087c6a4518b3b82598db7325d64c083e299db	text/html; charset=UTF-8	https://www.cbox.ws/help?id=48	resources/help__id_48
200	7076	b64e9678378240c81b91c2c06a9653ae8ff56beab4dc1e40e96df6dbaaacd161	text/html; charset=UTF-8	https://www.cbox.ws/help?id=63	resources/help__id_63
200	6891	4becdefd1e0d001b6c9d0dc3c2ae276fd346864491c1298f946b991da65dcb6e	text/html; charset=UTF-8	https://www.cbox.ws/help?id=60	resources/help__id_60
200	6904	127f2ae935a08af1a32521f9d90e1f831d51e9bb38750668ba80139fbc226b02	text/html; charset=UTF-8	https://www.cbox.ws/help?id=62	resources/help__id_62
200	7438	ba41120ca3ba300afc4364538acef2967874b595c3146692e8648e1bb7e51d7f	text/html; charset=UTF-8	https://www.cbox.ws/help?id=66	resources/help__id_66
200	7224	978b07807bc168c18c931a39cedebd763a30d57d6d6c3ac5f9239cdb0b9dfabc	text/html; charset=UTF-8	https://www.cbox.ws/help?id=69	resources/help__id_69
200	7721	b8accd8387678f73840c072eb92cb408373fa2889ac9dc9ef04b4671596e3c44	text/html; charset=UTF-8	https://www.cbox.ws/help?id=65	resources/help__id_65
200	7067	7c99c5b01e528f6b9efd9cc877b86c869e1f57af2482ea28d365df63742c510b	text/html; charset=UTF-8	https://www.cbox.ws/help?id=61	resources/help__id_61
200	6906	cec7ead51a13c48bdf282e95003fb988780e1a1bfbd9f57883a31b50440da543	text/html; charset=UTF-8	https://www.cbox.ws/help?id=64	resources/help__id_64
200	6703	26659feb7441501e0886a07e5cf11f68d6b7c2d7f0aa9ddcae266ffb6c204de3	text/html; charset=UTF-8	https://www.cbox.ws/help?id=56	resources/help__id_56
200	12431	e21a643e190b04e884adfbc268dd09e3ae604d7c9df7ca6b6b5a8ee25ba67339	text/html; charset=UTF-8	https://www.cbox.ws/help?id=72	resources/help__id_72
200	7156	318dd69c3bf6bde2d2ed38026d16b63f8d39aae5dfa97e00e38add90f6735e18	text/html; charset=UTF-8	https://www.cbox.ws/help?id=54	resources/help__id_54
200	8875	187f5b6a62fce7d3eb15d071234774f5bf37c7381b9516cce41952da6b96f654	text/html; charset=UTF-8	https://www.cbox.ws/help?id=73	resources/help__id_73
200	7740	0c53f763507c75bfedf8e53485468d4482041142bbf20b42b0a757dddffbb1f3	text/html; charset=UTF-8	https://www.cbox.ws/help?id=82	resources/help__id_82
404	8626	311e18e7f777f981459dc6cfdfcff81f06fbb4098ef0c44651fcea80bb3fad39	text/html; charset=UTF-8	https://www.cbox.ws/%3Cb%3Ehttp:/%3C/b%3E...	resources/_3Cb_3Ehttp_/_3C/b_3E...
404	8626	311e18e7f777f981459dc6cfdfcff81f06fbb4098ef0c44651fcea80bb3fad39	text/html; charset=UTF-8	https://www.cbox.ws/%3Cb%3Ehttps:/%3C/b%3E...	resources/_3Cb_3Ehttps_/_3C/b_3E...
200	6810	7bb005cce24115ae31ed6663459b0caef5014dcfbab3d10087712ffb948cde7f	text/html; charset=UTF-8	https://www.cbox.ws/help?id=71	resources/help__id_71
200	10791	cac324debd50ef5469f9ecf2a8ac0469e38b21d1bb9acafec2c00c0034dafdf9	text/html; charset=UTF-8	https://www.cbox.ws/help?id=80	resources/help__id_80
200	8996	f09f7beca5fbf1b713631ab8559df59ea8fd810fcb20762ab46cdfe1d75b3912	text/html; charset=UTF-8	https://www.cbox.ws/help?id=91	resources/help__id_91
200	8128	f4f04c33a43a1fda4f753794bcd1468f26dce1d9638edeeaa5928f0877da56dc	text/html; charset=UTF-8	https://www.cbox.ws/help?id=68	resources/help__id_68
200	7611	2fe0155793aa72b682495eccfd81197284f578403b3faf53fcabcb88c80fb698	text/html; charset=UTF-8	https://www.cbox.ws/help?id=93	resources/help__id_93
200	17763	50fd0ac560bfcfa0b867efd47bef2c2686c6c67a29855cec4fb13e1ddf9d8627	text/html; charset=UTF-8	https://www.cbox.ws/help?srch=filtering	resources/help__srch_filtering
200	16172	6159992320597147d43ea53351199e6c4b6070f20f8e6900ee515f1a32fa1a24	text/html; charset=UTF-8	https://www.cbox.ws/help?srch=boxcode%20target=	resources/help__srch_boxcode_20target_
200	7131	4a950bc61b5f90aded967609c1374e1a078da298348f4b1f9a1596323cd013c8	text/html; charset=UTF-8	https://www.cbox.ws/help?id=76	resources/help__id_76
200	13343	6776575515900944caed05a135f486e773323759637de06daa6a6afcc3bd1455	text/html; charset=UTF-8	https://www.cbox.ws/admin?srch=boxcode	resources/admin__srch_boxcode
200	10816	00db83711b85aa5b57c69ec670184463ebfed1e42b42ebcaafcc6e9795f27823	text/html; charset=UTF-8	https://www.cbox.ws/help?id=95	resources/help__id_95
200	7504	86897b67d45ea436e249c0c958a7aaf5ded658e4d3d971fb07dd5654d007f076	text/html; charset=UTF-8	https://www.cbox.ws/help?id=89	resources/help__id_89
200	7335	dfd3bf12667dcc028c427229a3f1ad5307034ee98a7f8f489d00508c39c1fda8	text/html; charset=UTF-8	https://www.cbox.ws/help?id=87	resources/help__id_87
200	8532	52b6e005313e702913d1af6d1f25aadf10da4f260f44daaddd420d014a3c0484	text/html; charset=UTF-8	https://www.cbox.ws/help?id=86	resources/help__id_86
200	6575	366815227e8518b0db42a4ce302856dd306cfe738f574d1f6473b074a55ac6b9	text/html; charset=UTF-8	https://www.cbox.ws/help?id=77	resources/help__id_77
200	6822	29594855a6b96be9fbec2ddbfd185cf85c1f224a101a1993764ede1edcf87b94	text/html; charset=UTF-8	https://www.cbox.ws/help?id=90	resources/help__id_90
200	7361	0a99832f35430c1aa4da8c63928777851b3f9151504da322155e992dc08c2fd5	text/html; charset=UTF-8	https://www.cbox.ws/help?id=84	resources/help__id_84
200	8094	d7860e45b637c27f0e61cc68b011371eaef255cbaf67c8dd65aa755547431ca4	text/html; charset=UTF-8	https://www.cbox.ws/help?id=75	resources/help__id_75
200	6678	0fbb0ec10160bcc0d36e353276ae98860cc5c22d9c06ace5c22b84993e86ff80	text/html; charset=UTF-8	https://www.cbox.ws/help?id=85	resources/help__id_85
200	7521	f9a91093a8ed234bf335de6bebf8b6f82d263a2677e379521c39727baa1a1b92	text/html; charset=UTF-8	https://www.cbox.ws/help?id=79	resources/help__id_79
200	8114	a73672b59874be242d6f97bfcb0660a76f155ee3cb47978490c3e4357b9c6112	text/html; charset=UTF-8	https://www.cbox.ws/help?id=92	resources/help__id_92
200	16155	5cebedcbcf10e5c362b517de3a99e485a1f75ad020641fc868d02f9efb39e287	text/html; charset=UTF-8	https://www.cbox.ws/help?srch=boxcode	resources/help__srch_boxcode
200	9659	8d691ec90656a2cea8f0269795accf52cb6253a0996d42e56a6a415fea0220ec	text/html; charset=UTF-8	https://www.cbox.ws/help?srch=moderated	resources/help__srch_moderated
200	7139	4e1db6fd49464e1886eba4b7de279192a3373dd68fcb05711011b55a015bab01	text/html; charset=UTF-8	https://www.cbox.ws/help?id=83	resources/help__id_83
200	7160	39c2d3729964bda7a3a38d4aaeb4ee0a993fa4fa0dcbe8bee9def621d03f341a	text/html; charset=UTF-8	https://www.cbox.ws/help?id=96	resources/help__id_96
200	6781	fad3c85d3b5a010a7a5cf6377d5236747b4871b48418e888721209bab62f035b	text/html; charset=UTF-8	https://www.cbox.ws/help?id=88	resources/help__id_88
200	6841	d2f9a05ac8fa6fec3758d9397233faddd7f4979b01c7c2cd33c9cd9bb93f17ec	text/html; charset=UTF-8	https://www.cbox.ws/help?id=78	resources/help__id_78
200	7668	16442fd8608513d4d54722b076a1edb8152f20a1948d5265f0d27328d778c224	text/html; charset=UTF-8	https://www.cbox.ws/help?id=70	resources/help__id_70
200	6954	d1b7733c81238898a775ffdf1a71e432fd499ab0ea364acf53c43cd85deb5361	text/html; charset=UTF-8	https://www.cbox.ws/help?id=97	resources/help__id_97
200	7191	fdbd9df911e274fb407c9f6e13e2624db58bf16d440427779f7265a1a4bebd3c	text/html; charset=UTF-8	https://www.cbox.ws/help?id=98	resources/help__id_98
200	7049	61b7b45198ae582d49140cba14b7a2cbbf6ad13ae1eab6cecd84e86bd4b071f7	text/html; charset=UTF-8	https://www.cbox.ws/help?id=99	resources/help__id_99
200	3087	4975ddd126b543694701e74e35767f5cf09ae4a0db5b2fb41612c7335f682f07	image/png	https://cbox.im/i/zfqhv.c100.png	resources/i/zfqhv.c100.png
200	14372	c04ce5774674f88c4c78377d9a5ed212c8afd95f0d04075421113e07fa5ebbac	text/html; charset=UTF-8	https://www.cbox.ws/features	resources/features
200	939	3c15dfa1f9cc2557673c2cb84a27bea976a0c3d3f91ded5863477f2c261d5cf4	image/gif	https://static.cbox.ws/smilies/1/heart.gif	resources/smilies/1/heart.gif
200	8530	3f47a86333c278b7bdf1e3de4f05477ea2cafb4060e291cce0cfa89db53a0360	text/html; charset=UTF-8	https://www.cbox.ws/?r=4-4271419	resources/index__r_4-4271419
200	48555	4a0bfe840910b6f2622d2a9a11ff97a2e655facd7db8fa94633607fdc082a46a	application/x-javascript	https://static.cbox.ws/jsc/jsc_1593163307.js	resources/jsc/jsc_1593163307.js
200	9854	05f14bfc3f65a53209f4b660165ff135c108cd032824b9300db578ebd85d01c7	text/html; charset=UTF-8	https://www.cbox.ws/getone?v=8	resources/getone__v_8
200	13628	5cc542abe795301626663bf03808a2fbac11329f8ce66d40f26051e46da10314	text/html; charset=UTF-8	https://www.cbox.ws/upgrade?mode=upgrade&editname=1	resources/upgrade__mode_upgrade_editname_1
200	7304	45e9cf51050d4f074a6cddb617621805a2c270d699e988aa3acf9e00b00ceaca	text/html; charset=UTF-8	https://www.cbox.ws/contact?ref=premium	resources/contact__ref_premium
200	959	4b39c656a9261035f759da63acdb5bb4ce193de65eeca0eb6266a662e25824d6	image/gif	https://www.cbox.ws/gfx/logo_ppslv2.gif	resources/gfx/logo_ppslv2.gif
200	4051	b758f1cf0e8bad3f04f2f4236f2c6413ed9e574c237daef4fb1c884c6fd501ef	image/gif	https://www.cbox.ws/gfx/logo_cards.gif	resources/gfx/logo_cards.gif
ERROR	0	-	-	https://my.cbox.ws/smile192.png	('Connection aborted.', ConnectionResetError(104, 'Connection reset by peer'))
200	241	e093f4b54b54a4522ba6631de879e812049a874454331b3dc3fb28745fa718ac	application/json	https://my.cbox.ws/msmsas55?manifest=1	resources/msmsas55__manifest_1
200	12045	4fdb21266bceb9da13dc4309508cf00c3cf4cf8f926e54590fbfd52048d2821f	application/x-javascript	https://my.cbox.ws/push-setup.js	resources/push-setup.js
404	1991	4f68a1b69ea71b314f1a1b12b62d60fd4363db5daca5a5364f4b08c480598c92	text/html	https://my.cbox.ws/image/png	resources/image/png
200	1966	75713f7a898012d462882f9656c5fc2ab03185b3b6bb29989d0f5e27cb25f094	text/html; charset=UTF-8	https://www.cbox.ws/admin_l_bans.php?srch=&srchin=&pg=0&ordby=0&orddir=1	resources/admin_l_bans.php__srch__srchin__pg_0_ordby_0_orddir_1
200	846	7d8aa88df4b1502e24af9c45f6eed831982f68f6a8d825dbb98f1a98c20e6c79	image/gif	https://www.cbox.ws/gfx/arrow_colup.gif	resources/gfx/arrow_colup.gif
200	1966	c74d78c0313bdd7df762c36489dadd3afa179a35e0f3f0a00dc0b40a123498d4	text/html; charset=UTF-8	https://www.cbox.ws/admin_l_bans.php?srch=&srchin=&pg=0&ordby=1&orddir=0	resources/admin_l_bans.php__srch__srchin__pg_0_ordby_1_orddir_0
200	1966	faacdb0db521ecc774039f83339e2afd0a2dc762bc76b27eebb999a2a6552dbc	text/html; charset=UTF-8	https://www.cbox.ws/admin_l_bans.php?srch=&srchin=&pg=0&ordby=4&orddir=0	resources/admin_l_bans.php__srch__srchin__pg_0_ordby_4_orddir_0
200	1966	e7317662f178b05c94ec20d6b3d13e396b9615a2508d496f25956def5ef09a0e	text/html; charset=UTF-8	https://www.cbox.ws/admin_l_bans.php?srch=&srchin=&pg=0&ordby=2&orddir=0	resources/admin_l_bans.php__srch__srchin__pg_0_ordby_2_orddir_0
200	1966	a8e2330a1206af6c184771e934673084929aea85357946fbd11b36cdc3d3a116	text/html; charset=UTF-8	https://www.cbox.ws/admin_l_bans.php?srch=&srchin=&pg=0&ordby=3&orddir=0	resources/admin_l_bans.php__srch__srchin__pg_0_ordby_3_orddir_0
200	1855	0db044cca47f61ad8f0075c7a8113d47fbe63f7f2bbff8cf5b026b9ae20ee611	text/html; charset=UTF-8	https://www.cbox.ws/admin_l_threads.php?srch=&srchin=&pg=0&ordby=0&orddir=0	resources/admin_l_threads.php__srch__srchin__pg_0_ordby_0_orddir_0
200	1855	6aca7fa370c5972b183754b4548fcaf776545370f40532e111611f76d9d126cc	text/html; charset=UTF-8	https://www.cbox.ws/admin_l_threads.php?srch=&srchin=&pg=0&ordby=1&orddir=0	resources/admin_l_threads.php__srch__srchin__pg_0_ordby_1_orddir_0
200	1855	580a0f606ccc63eeece337008124fd58912d79454dc5fc1a3311b1c2a1ee4ce2	text/html; charset=UTF-8	https://www.cbox.ws/admin_l_threads.php?srch=&srchin=&pg=0&ordby=3&orddir=0	resources/admin_l_threads.php__srch__srchin__pg_0_ordby_3_orddir_0
200	845	7bc06884242fb1c5f2f40f8e78753e2a9ac715b6c0ba5ed18ff8972fdf12896f	image/gif	https://www.cbox.ws/gfx/arrow_coldn.gif	resources/gfx/arrow_coldn.gif
200	3019	0a8d9f520243a7cb316148d2972374bef9afa7e32d1280a97119f1bb58e9c149	text/html; charset=UTF-8	https://www.cbox.ws/admin_l_posts.php?tid=0&srch=&srchin=&pg=1&ordby=0&orddir=0	resources/admin_l_posts.php__tid_0_srch__srchin__pg_1_ordby_0_orddir_0
200	3019	bec37c7512f03c691cf6cbbc1a28c7a21c08d8fd33cf80d34438d913a2730223	text/html; charset=UTF-8	https://www.cbox.ws/admin_l_posts.php?tid=0&srch=&srchin=&pg=1&ordby=1&orddir=0	resources/admin_l_posts.php__tid_0_srch__srchin__pg_1_ordby_1_orddir_0
200	3019	bbde82fa099592c185eea502833fe6f3b7abb471c2ba9cb7352a2c6a6311b1b9	text/html; charset=UTF-8	https://www.cbox.ws/admin_l_posts.php?tid=0&srch=&srchin=&pg=1&ordby=2&orddir=0	resources/admin_l_posts.php__tid_0_srch__srchin__pg_1_ordby_2_orddir_0
200	3019	01881c45114e1d02e451b59aa9775ff5079d7f3488db6ba5ac86780260429c35	text/html; charset=UTF-8	https://www.cbox.ws/admin_l_posts.php?tid=0&srch=&srchin=&pg=1&ordby=3&orddir=0	resources/admin_l_posts.php__tid_0_srch__srchin__pg_1_ordby_3_orddir_0
200	3019	2dcb55b8f33ceafe3614fc36610eacfa7292418a0e79ce9949b091384e7493ad	text/html; charset=UTF-8	https://www.cbox.ws/admin_l_posts.php?tid=0&srch=&srchin=&pg=1&ordby=4&orddir=0	resources/admin_l_posts.php__tid_0_srch__srchin__pg_1_ordby_4_orddir_0
200	1905	725a66344700f7e8b0cc843d87ac6f9de8d37b149c8880c302b3feb3b4d7da8a	text/html; charset=UTF-8	https://www.cbox.ws/admin_l_users.php?srch=&srchin=&pg=0&ordby=0&orddir=0	resources/admin_l_users.php__srch__srchin__pg_0_ordby_0_orddir_0
200	1905	d1ee92895f01f2f105672b3cbb3add74c44c1ec57ad5013993dd954c9bf8db8f	text/html; charset=UTF-8	https://www.cbox.ws/admin_l_users.php?srch=&srchin=&pg=0&ordby=1&orddir=0	resources/admin_l_users.php__srch__srchin__pg_0_ordby_1_orddir_0
200	1905	e5b26efce78468fbe3028cc0238c647486ce8127e86d132ffdc4d0650e6a01a1	text/html; charset=UTF-8	https://www.cbox.ws/admin_l_users.php?srch=&srchin=&pg=0&ordby=2&orddir=0	resources/admin_l_users.php__srch__srchin__pg_0_ordby_2_orddir_0
200	1905	7f92ccfe6100990a68aef34aa60b45fc311275d21d162d8a210130b2506a2e75	text/html; charset=UTF-8	https://www.cbox.ws/admin_l_users.php?srch=&srchin=&pg=0&ordby=3&orddir=0	resources/admin_l_users.php__srch__srchin__pg_0_ordby_3_orddir_0
200	7304	e4027abb8a9c124d8d7c46a3b852e5d76e6a2622b5b6c2a80c6aebc5ae0f1697	text/html; charset=UTF-8	https://www.cbox.ws/contact?ref=pword	resources/contact__ref_pword
200	13396	a144b7af5492cc45de9a4e7e890e187560f1bac993573fdf266b2ffc457b718c	text/html; charset=UTF-8	https://www.cbox.ws/upgrade?mode=renew&editname=1	resources/upgrade__mode_renew_editname_1
404	8626	311e18e7f777f981459dc6cfdfcff81f06fbb4098ef0c44651fcea80bb3fad39	text/html; charset=UTF-8	https://www.cbox.ws/%3Cb%3Ehttp:/%3C/b%3E...	resources/_3Cb_3Ehttp_/_3C/b_3E...
404	8626	311e18e7f777f981459dc6cfdfcff81f06fbb4098ef0c44651fcea80bb3fad39	text/html; charset=UTF-8	https://www.cbox.ws/%3Cb%3Ehttps:/%3C/b%3E...	resources/_3Cb_3Ehttps_/_3C/b_3E...
200	16172	6159992320597147d43ea53351199e6c4b6070f20f8e6900ee515f1a32fa1a24	text/html; charset=UTF-8	https://www.cbox.ws/help?srch=boxcode%20target=	resources/help__srch_boxcode_20target_
200	10427	d175fcb21f022f20f010d4b0a0259c2f034cbdb21515bfe036d82683c8d5ae12	text/html; charset=UTF-8	https://www.cbox.ws/getone?sl=1	resources/getone__sl_1
ERROR	0	-	-	https://static.cbox.ws/fonts/numans-regular1-webfont.eot	('Connection aborted.', ConnectionResetError(104, 'Connection reset by peer'))
200	23279	72e0fb7f93356c1b5c12bb7ae39b3d49f1e8df80deb3aacff5ca18336f25571a	application/octet-stream	https://static.cbox.ws/fonts/numans-regular1-webfont.eot	resources/fonts/numans-regular1-webfont.eot
200	20716	9d9a14139dff5042e8f18f6f218eee6086334fc611fb6993da475e6c4f9705de	application/octet-stream	https://static.cbox.ws/fonts/numans-regular1-webfont.woff2?1	resources/fonts/numans-regular1-webfont.woff2__1
200	26672	b136ec086e1c3170bef7be28b9517dae5299637ba3fade1f235088ca7785d8fc	application/octet-stream	https://static.cbox.ws/fonts/numans-regular1-webfont.woff	resources/fonts/numans-regular1-webfont.woff
200	52504	9e9df18c388107981c190b48485fa113e482ce95de69e8dabb313e8758b5faed	application/octet-stream	https://static.cbox.ws/fonts/numans-regular1-webfont.ttf	resources/fonts/numans-regular1-webfont.ttf
200	164149	4529bb829b0aae5f6f393f69a51fd43f866281e25d4552535aeeafb7ebfc936e	image/svg+xml	https://static.cbox.ws/fonts/numans-regular1-webfont.svg	resources/fonts/numans-regular1-webfont.svg
200	17151	dde257882dc02f7afbb6df7db288dd708a7e65515e288ee96acc92e578177d5e	application/octet-stream	https://static.cbox.ws/fonts/opensans-regular1.eot	resources/fonts/opensans-regular1.eot
200	17151	dde257882dc02f7afbb6df7db288dd708a7e65515e288ee96acc92e578177d5e	application/octet-stream	https://static.cbox.ws/fonts/opensans-regular1.eot	resources/fonts/opensans-regular1.eot
200	15928	37274f74b40f5c4e64b5580adf2b0f547f4f3ccb9b22466c113b53ae5d5498dd	application/octet-stream	https://static.cbox.ws/fonts/opensans-regular1.woff2	resources/fonts/opensans-regular1.woff2
200	20232	81e37b8635fa635044141b059d171d9a5f1045382dd28d099c532e8bcd287eee	application/octet-stream	https://static.cbox.ws/fonts/opensans-regular1.woff	resources/fonts/opensans-regular1.woff
200	31012	ddb49f1dab2c8aa0941ed5398c130fa3d9cfa956df4878bf7781fb18e6cd2b51	application/octet-stream	https://static.cbox.ws/fonts/opensans-regular1.ttf	resources/fonts/opensans-regular1.ttf
200	1966	d98f1e659cd5e459b80149ff01397f96de4a4de821fdbc6378950e85be00f77a	text/html; charset=UTF-8	https://www.cbox.ws/admin_l_bans.php?srch=&srchin=&pg=0&ordby=0&orddir=0	resources/admin_l_bans.php__srch__srchin__pg_0_ordby_0_orddir_0
200	1966	66f165fefd791331037c86fbfc6cd9283486b258dd18bf60ea9e7258ba914791	text/html; charset=UTF-8	https://www.cbox.ws/admin_l_bans.php?srch=&srchin=&pg=0&ordby=1&orddir=1	resources/admin_l_bans.php__srch__srchin__pg_0_ordby_1_orddir_1
200	1966	0dc87c76f2803795d943439e5b6750c305417262cb82d51d422aa91ad3c9f503	text/html; charset=UTF-8	https://www.cbox.ws/admin_l_bans.php?srch=&srchin=&pg=0&ordby=4&orddir=1	resources/admin_l_bans.php__srch__srchin__pg_0_ordby_4_orddir_1
200	1966	1a3b3cc2c917ca9fbe822bd312a533d3cca06f5879a9568f6ee4c059649adfc5	text/html; charset=UTF-8	https://www.cbox.ws/admin_l_bans.php?srch=&srchin=&pg=0&ordby=2&orddir=1	resources/admin_l_bans.php__srch__srchin__pg_0_ordby_2_orddir_1
200	1966	79e7cffdef96f2bc9f7e3ba528188caebe7ac1cefb92371108ffacf7f7f00bdc	text/html; charset=UTF-8	https://www.cbox.ws/admin_l_bans.php?srch=&srchin=&pg=0&ordby=3&orddir=1	resources/admin_l_bans.php__srch__srchin__pg_0_ordby_3_orddir_1
200	1855	370dd9ee9fd99e56875ae914204d756b9698ff4c14b8fbb9e94b32bd20783cf6	text/html; charset=UTF-8	https://www.cbox.ws/admin_l_threads.php?srch=&srchin=&pg=0&ordby=0&orddir=1	resources/admin_l_threads.php__srch__srchin__pg_0_ordby_0_orddir_1
200	1855	5a718b238c7fd2404c630b93f34370986e7b1689efabdb978e180036bd36f846	text/html; charset=UTF-8	https://www.cbox.ws/admin_l_threads.php?srch=&srchin=&pg=0&ordby=1&orddir=1	resources/admin_l_threads.php__srch__srchin__pg_0_ordby_1_orddir_1
200	1855	3ce2e5d209edb913427da6d01dedf4a48205819c119ef32f08c19410005596f8	text/html; charset=UTF-8	https://www.cbox.ws/admin_l_threads.php?srch=&srchin=&pg=0&ordby=3&orddir=1	resources/admin_l_threads.php__srch__srchin__pg_0_ordby_3_orddir_1
200	3019	2b1a064b8831a16b614063313bfb5437483cabf5b297ca9aa07cab9c4a4cd286	text/html; charset=UTF-8	https://www.cbox.ws/admin_l_posts.php?tid=0&srch=&srchin=&pg=1&ordby=0&orddir=1	resources/admin_l_posts.php__tid_0_srch__srchin__pg_1_ordby_0_orddir_1
200	3019	43675005c229e9df1410822d2a88448c5315cf8bfca61e4eaba201c95d36aae9	text/html; charset=UTF-8	https://www.cbox.ws/admin_l_posts.php?tid=0&srch=&srchin=&pg=1&ordby=1&orddir=1	resources/admin_l_posts.php__tid_0_srch__srchin__pg_1_ordby_1_orddir_1
200	3019	fbac6575040d417cea49c7e7e30e197ba2e22af3f5a633b5af1c37e532f26099	text/html; charset=UTF-8	https://www.cbox.ws/admin_l_posts.php?tid=0&srch=&srchin=&pg=1&ordby=2&orddir=1	resources/admin_l_posts.php__tid_0_srch__srchin__pg_1_ordby_2_orddir_1
200	3019	6387e8c14b9ffa1fef129bd606162eb215093b9b248caa25301545a258c30ab7	text/html; charset=UTF-8	https://www.cbox.ws/admin_l_posts.php?tid=0&srch=&srchin=&pg=1&ordby=3&orddir=1	resources/admin_l_posts.php__tid_0_srch__srchin__pg_1_ordby_3_orddir_1
200	3019	25e26753e9635e07a163374120c0dd661c7eca9944685945e7474d8983278978	text/html; charset=UTF-8	https://www.cbox.ws/admin_l_posts.php?tid=0&srch=&srchin=&pg=1&ordby=4&orddir=1	resources/admin_l_posts.php__tid_0_srch__srchin__pg_1_ordby_4_orddir_1
200	1905	6f270138a16b86c5cf6fe835769d81f36030c8cde401c66f50e1227669533115	text/html; charset=UTF-8	https://www.cbox.ws/admin_l_users.php?srch=&srchin=&pg=0&ordby=0&orddir=1	resources/admin_l_users.php__srch__srchin__pg_0_ordby_0_orddir_1
200	1905	86fff9c1b7ebc11b3da4428d3a0aff6c8a8b545f5fcc0f6a8736eb9f49070811	text/html; charset=UTF-8	https://www.cbox.ws/admin_l_users.php?srch=&srchin=&pg=0&ordby=1&orddir=1	resources/admin_l_users.php__srch__srchin__pg_0_ordby_1_orddir_1
200	1905	65a6eeaaff677ec6b126607e00deb9c877cb8a01602afbc701fcd1c554a0b719	text/html; charset=UTF-8	https://www.cbox.ws/admin_l_users.php?srch=&srchin=&pg=0&ordby=2&orddir=1	resources/admin_l_users.php__srch__srchin__pg_0_ordby_2_orddir_1
200	1905	130b6a8e2f60ff42e4458c2cb4d69f2948d290c664f8f43a11faa5f878bbbebd	text/html; charset=UTF-8	https://www.cbox.ws/admin_l_users.php?srch=&srchin=&pg=0&ordby=3&orddir=1	resources/admin_l_users.php__srch__srchin__pg_0_ordby_3_orddir_1
200	13144	3d5a3c553a47001ea5def997ac30899db4c0d88adb786616f75e236373a4558d	text/html; charset=UTF-8	https://www.cbox.ws/upgrade?p=1	resources/upgrade__p_1